,
Roberta,Rosario_Oberbrunner17@gmail.com
Stanford,Josie_Armstrong@hotmail.com
,
,
Marisol,Annalise.Lubowitz8@hotmail.com
Karlee,Soledad.Hackett52@yahoo.com
Makenzie,Clair_Grady@yahoo.com
Ellsworth,Oliver.Nienow68@hotmail.com
Citlalli,Foster0@yahoo.com
Dillon,Noemy_Kris@yahoo.com
Susan,Jettie97@hotmail.com
Immanuel,Mario74@gmail.com
Aurore,Leland.Hartmann@hotmail.com
Melisa,Riley80@yahoo.com
Ambrose,Adriana.Beer@hotmail.com
Destiny,Vincenzo21@yahoo.com
Mathias,Myron_Kuhic83@hotmail.com
Maxime,Ethelyn_Schinner@gmail.com
Hipolito,Nichole_Schaefer97@yahoo.com
Graham,Damion.Rolfson@gmail.com
Erwin,Mylene.Schaden@hotmail.com
Faye,Kamren21@yahoo.com
Dayna,Dayna9@hotmail.com
Joanie,Jolie_West21@gmail.com
Hailee,Ethan_Hamill-Denesik@gmail.com
Maxime,Sylvan93@gmail.com
Madalyn,Madelyn38@yahoo.com
,
Dillon,Noemy_Kris@yahoo.com
Marisol,Annalise.Lubowitz8@hotmail.com
Stanford,Josie_Armstrong@hotmail.com
,
Karlee,Soledad.Hackett52@yahoo.com
Roberta,Rosario_Oberbrunner17@gmail.com
,
Makenzie,Clair_Grady@yahoo.com
Ellsworth,Oliver.Nienow68@hotmail.com
Citlalli,Foster0@yahoo.com
Ambrose,Adriana.Beer@hotmail.com
Aurore,Leland.Hartmann@hotmail.com
Immanuel,Mario74@gmail.com
Mathias,Myron_Kuhic83@hotmail.com
Susan,Jettie97@hotmail.com
Destiny,Vincenzo21@yahoo.com
Maxime,Ethelyn_Schinner@gmail.com
Graham,Damion.Rolfson@gmail.com
Erwin,Mylene.Schaden@hotmail.com
Faye,Kamren21@yahoo.com
Dayna,Dayna9@hotmail.com
Hipolito,Nichole_Schaefer97@yahoo.com
Melisa,Riley80@yahoo.com
Joanie,Jolie_West21@gmail.com
Madalyn,Madelyn38@yahoo.com
Hailee,Ethan_Hamill-Denesik@gmail.com
Maxime,Sylvan93@gmail.com
Elizabeth,Christian.Botsford@gmail.com
,
,
,
Marisol,Annalise.Lubowitz8@hotmail.com
Roberta,Rosario_Oberbrunner17@gmail.com
Stanford,Josie_Armstrong@hotmail.com
Karlee,Soledad.Hackett52@yahoo.com
Dillon,Noemy_Kris@yahoo.com
Makenzie,Clair_Grady@yahoo.com
Ellsworth,Oliver.Nienow68@hotmail.com
Immanuel,Mario74@gmail.com
Melisa,Riley80@yahoo.com
Susan,Jettie97@hotmail.com
Aurore,Leland.Hartmann@hotmail.com
Destiny,Vincenzo21@yahoo.com
Mathias,Myron_Kuhic83@hotmail.com
Ambrose,Adriana.Beer@hotmail.com
Maxime,Ethelyn_Schinner@gmail.com
Citlalli,Foster0@yahoo.com
Erwin,Mylene.Schaden@hotmail.com
Graham,Damion.Rolfson@gmail.com
Hipolito,Nichole_Schaefer97@yahoo.com
Elizabeth,Christian.Botsford@gmail.com
Joanie,Jolie_West21@gmail.com
Faye,Kamren21@yahoo.com
Hailee,Ethan_Hamill-Denesik@gmail.com
Dayna,Dayna9@hotmail.com
Madalyn,Madelyn38@yahoo.com
Maxime,Sylvan93@gmail.com
Abigayle,Randi82@gmail.com
,
,
Karlee,Soledad.Hackett52@yahoo.com
Stanford,Josie_Armstrong@hotmail.com
Marisol,Annalise.Lubowitz8@hotmail.com
Makenzie,Clair_Grady@yahoo.com
,
Roberta,Rosario_Oberbrunner17@gmail.com
Melisa,Riley80@yahoo.com
Citlalli,Foster0@yahoo.com
Dillon,Noemy_Kris@yahoo.com
Mathias,Myron_Kuhic83@hotmail.com
Ellsworth,Oliver.Nienow68@hotmail.com
Susan,Jettie97@hotmail.com
Aurore,Leland.Hartmann@hotmail.com
Hipolito,Nichole_Schaefer97@yahoo.com
Immanuel,Mario74@gmail.com
Joanie,Jolie_West21@gmail.com
Ambrose,Adriana.Beer@hotmail.com
Dayna,Dayna9@hotmail.com
Destiny,Vincenzo21@yahoo.com
Erwin,Mylene.Schaden@hotmail.com
Hailee,Ethan_Hamill-Denesik@gmail.com
Maxime,Sylvan93@gmail.com
Maxime,Ethelyn_Schinner@gmail.com
Faye,Kamren21@yahoo.com
Graham,Damion.Rolfson@gmail.com
Abigayle,Randi82@gmail.com
Madalyn,Madelyn38@yahoo.com
Elizabeth,Christian.Botsford@gmail.com
Alvena,Kassandra40@gmail.com
,
,
,
Karlee,Soledad.Hackett52@yahoo.com
Stanford,Josie_Armstrong@hotmail.com
Roberta,Rosario_Oberbrunner17@gmail.com
Makenzie,Clair_Grady@yahoo.com
Susan,Jettie97@hotmail.com
Aurore,Leland.Hartmann@hotmail.com
Ellsworth,Oliver.Nienow68@hotmail.com
Ambrose,Adriana.Beer@hotmail.com
Destiny,Vincenzo21@yahoo.com
Dillon,Noemy_Kris@yahoo.com
Marisol,Annalise.Lubowitz8@hotmail.com
Immanuel,Mario74@gmail.com
Erwin,Mylene.Schaden@hotmail.com
Maxime,Ethelyn_Schinner@gmail.com
Faye,Kamren21@yahoo.com
Dayna,Dayna9@hotmail.com
Graham,Damion.Rolfson@gmail.com
Elizabeth,Christian.Botsford@gmail.com
Ramona,Okey.Lueilwitz-Hills78@gmail.com
Melisa,Riley80@yahoo.com
Joanie,Jolie_West21@gmail.com
Hipolito,Nichole_Schaefer97@yahoo.com
Citlalli,Foster0@yahoo.com
Madalyn,Madelyn38@yahoo.com
Hailee,Ethan_Hamill-Denesik@gmail.com
Maxime,Sylvan93@gmail.com
Abigayle,Randi82@gmail.com
Alvena,Kassandra40@gmail.com
Mathias,Myron_Kuhic83@hotmail.com
,
,
,
Dillon,Noemy_Kris@yahoo.com
Marisol,Annalise.Lubowitz8@hotmail.com
Stanford,Josie_Armstrong@hotmail.com
Roberta,Rosario_Oberbrunner17@gmail.com
Karlee,Soledad.Hackett52@yahoo.com
Susan,Jettie97@hotmail.com
Ellsworth,Oliver.Nienow68@hotmail.com
Destiny,Vincenzo21@yahoo.com
Makenzie,Clair_Grady@yahoo.com
Citlalli,Foster0@yahoo.com
Aurore,Leland.Hartmann@hotmail.com
Mathias,Myron_Kuhic83@hotmail.com
Ambrose,Adriana.Beer@hotmail.com
Maxime,Ethelyn_Schinner@gmail.com
Erwin,Mylene.Schaden@hotmail.com
Immanuel,Mario74@gmail.com
Graham,Damion.Rolfson@gmail.com
Elizabeth,Christian.Botsford@gmail.com
Hipolito,Nichole_Schaefer97@yahoo.com
Ramona,Okey.Lueilwitz-Hills78@gmail.com
Faye,Kamren21@yahoo.com
Melisa,Riley80@yahoo.com
Hailee,Ethan_Hamill-Denesik@gmail.com
Joanie,Jolie_West21@gmail.com
Madalyn,Madelyn38@yahoo.com
Dayna,Dayna9@hotmail.com
Abigayle,Randi82@gmail.com
Maxime,Sylvan93@gmail.com
Alvena,Kassandra40@gmail.com
Norbert,Linnea_Cartwright@gmail.com
,
,
Roberta,Rosario_Oberbrunner17@gmail.com
Karlee,Soledad.Hackett52@yahoo.com
Stanford,Josie_Armstrong@hotmail.com
Dillon,Noemy_Kris@yahoo.com
Marisol,Annalise.Lubowitz8@hotmail.com
Makenzie,Clair_Grady@yahoo.com
Ellsworth,Oliver.Nienow68@hotmail.com
Susan,Jettie97@hotmail.com
,
Aurore,Leland.Hartmann@hotmail.com
Immanuel,Mario74@gmail.com
Citlalli,Foster0@yahoo.com
Destiny,Vincenzo21@yahoo.com
Mathias,Myron_Kuhic83@hotmail.com
Faye,Kamren21@yahoo.com
Melisa,Riley80@yahoo.com
Erwin,Mylene.Schaden@hotmail.com
Maxime,Ethelyn_Schinner@gmail.com
Elizabeth,Christian.Botsford@gmail.com
Ambrose,Adriana.Beer@hotmail.com
Ramona,Okey.Lueilwitz-Hills78@gmail.com
Joanie,Jolie_West21@gmail.com
Hipolito,Nichole_Schaefer97@yahoo.com
Dayna,Dayna9@hotmail.com
Graham,Damion.Rolfson@gmail.com
Hailee,Ethan_Hamill-Denesik@gmail.com
Madalyn,Madelyn38@yahoo.com
Maxime,Sylvan93@gmail.com
Abigayle,Randi82@gmail.com
Alvena,Kassandra40@gmail.com
Norbert,Linnea_Cartwright@gmail.com
Isaias,Joey_Adams@yahoo.com
,
Stanford,Josie_Armstrong@hotmail.com
,
,
Marisol,Annalise.Lubowitz8@hotmail.com
Roberta,Rosario_Oberbrunner17@gmail.com
Dillon,Noemy_Kris@yahoo.com
Makenzie,Clair_Grady@yahoo.com
Ellsworth,Oliver.Nienow68@hotmail.com
Susan,Jettie97@hotmail.com
Karlee,Soledad.Hackett52@yahoo.com
Immanuel,Mario74@gmail.com
Melisa,Riley80@yahoo.com
Ambrose,Adriana.Beer@hotmail.com
Aurore,Leland.Hartmann@hotmail.com
Destiny,Vincenzo21@yahoo.com
Mathias,Myron_Kuhic83@hotmail.com
Maxime,Ethelyn_Schinner@gmail.com
Graham,Damion.Rolfson@gmail.com
Erwin,Mylene.Schaden@hotmail.com
Elizabeth,Christian.Botsford@gmail.com
Ramona,Okey.Lueilwitz-Hills78@gmail.com
Faye,Kamren21@yahoo.com
Citlalli,Foster0@yahoo.com
Hipolito,Nichole_Schaefer97@yahoo.com
Joanie,Jolie_West21@gmail.com
Dayna,Dayna9@hotmail.com
Alaina,Luisa.Parker@gmail.com
Hailee,Ethan_Hamill-Denesik@gmail.com
Maxime,Sylvan93@gmail.com
Madalyn,Madelyn38@yahoo.com
Norbert,Linnea_Cartwright@gmail.com
Abigayle,Randi82@gmail.com
Alvena,Kassandra40@gmail.com
Isaias,Joey_Adams@yahoo.com
,
,
Karlee,Soledad.Hackett52@yahoo.com
,
Stanford,Josie_Armstrong@hotmail.com
Dillon,Noemy_Kris@yahoo.com
Marisol,Annalise.Lubowitz8@hotmail.com
Roberta,Rosario_Oberbrunner17@gmail.com
Susan,Jettie97@hotmail.com
Makenzie,Clair_Grady@yahoo.com
Ellsworth,Oliver.Nienow68@hotmail.com
Citlalli,Foster0@yahoo.com
Aurore,Leland.Hartmann@hotmail.com
Ambrose,Adriana.Beer@hotmail.com
Mathias,Myron_Kuhic83@hotmail.com
Immanuel,Mario74@gmail.com
Melisa,Riley80@yahoo.com
Destiny,Vincenzo21@yahoo.com
Erwin,Mylene.Schaden@hotmail.com
Maxime,Ethelyn_Schinner@gmail.com
Graham,Damion.Rolfson@gmail.com
Hipolito,Nichole_Schaefer97@yahoo.com
Joanie,Jolie_West21@gmail.com
Elizabeth,Christian.Botsford@gmail.com
Ramona,Okey.Lueilwitz-Hills78@gmail.com
Alaina,Luisa.Parker@gmail.com
Hailee,Ethan_Hamill-Denesik@gmail.com
Faye,Kamren21@yahoo.com
Maxime,Sylvan93@gmail.com
Madalyn,Madelyn38@yahoo.com
Alvena,Kassandra40@gmail.com
Norbert,Linnea_Cartwright@gmail.com
Dayna,Dayna9@hotmail.com
Abigayle,Randi82@gmail.com
Isaias,Joey_Adams@yahoo.com
Winifred,Callie78@hotmail.com
,
,
Stanford,Josie_Armstrong@hotmail.com
Roberta,Rosario_Oberbrunner17@gmail.com
Makenzie,Clair_Grady@yahoo.com
Marisol,Annalise.Lubowitz8@hotmail.com
Dillon,Noemy_Kris@yahoo.com
Karlee,Soledad.Hackett52@yahoo.com
Ellsworth,Oliver.Nienow68@hotmail.com
,
Aurore,Leland.Hartmann@hotmail.com
Susan,Jettie97@hotmail.com
Mathias,Myron_Kuhic83@hotmail.com
Citlalli,Foster0@yahoo.com
Immanuel,Mario74@gmail.com
Faye,Kamren21@yahoo.com
Ambrose,Adriana.Beer@hotmail.com
Melisa,Riley80@yahoo.com
Destiny,Vincenzo21@yahoo.com
Dayna,Dayna9@hotmail.com
Erwin,Mylene.Schaden@hotmail.com
Graham,Damion.Rolfson@gmail.com
Elizabeth,Christian.Botsford@gmail.com
Ramona,Okey.Lueilwitz-Hills78@gmail.com
Hipolito,Nichole_Schaefer97@yahoo.com
Winifred,Callie78@hotmail.com
Alaina,Luisa.Parker@gmail.com
Hailee,Ethan_Hamill-Denesik@gmail.com
Maxime,Sylvan93@gmail.com
Joanie,Jolie_West21@gmail.com
Madalyn,Madelyn38@yahoo.com
Alvena,Kassandra40@gmail.com
Abigayle,Randi82@gmail.com
Isaias,Joey_Adams@yahoo.com
Norbert,Linnea_Cartwright@gmail.com
Maxime,Ethelyn_Schinner@gmail.com
Rory,Laney65@gmail.com
,
,
Marisol,Annalise.Lubowitz8@hotmail.com
Roberta,Rosario_Oberbrunner17@gmail.com
Stanford,Josie_Armstrong@hotmail.com
,
Karlee,Soledad.Hackett52@yahoo.com
Makenzie,Clair_Grady@yahoo.com
Dillon,Noemy_Kris@yahoo.com
Susan,Jettie97@hotmail.com
Ellsworth,Oliver.Nienow68@hotmail.com
Citlalli,Foster0@yahoo.com
Ambrose,Adriana.Beer@hotmail.com
Aurore,Leland.Hartmann@hotmail.com
Immanuel,Mario74@gmail.com
Maxime,Ethelyn_Schinner@gmail.com
Faye,Kamren21@yahoo.com
Mathias,Myron_Kuhic83@hotmail.com
Melisa,Riley80@yahoo.com
Joanie,Jolie_West21@gmail.com
Erwin,Mylene.Schaden@hotmail.com
Hipolito,Nichole_Schaefer97@yahoo.com
Maxime,Sylvan93@gmail.com
Elizabeth,Christian.Botsford@gmail.com
Destiny,Vincenzo21@yahoo.com
Graham,Damion.Rolfson@gmail.com
Ramona,Okey.Lueilwitz-Hills78@gmail.com
Winifred,Callie78@hotmail.com
Alaina,Luisa.Parker@gmail.com
Hailee,Ethan_Hamill-Denesik@gmail.com
Dayna,Dayna9@hotmail.com
Abigayle,Randi82@gmail.com
Madalyn,Madelyn38@yahoo.com
Alvena,Kassandra40@gmail.com
Norbert,Linnea_Cartwright@gmail.com
Isaias,Joey_Adams@yahoo.com
Rory,Laney65@gmail.com
Grayce,Magdalen_Weissnat@yahoo.com
,
,
,
Karlee,Soledad.Hackett52@yahoo.com
Dillon,Noemy_Kris@yahoo.com
Roberta,Rosario_Oberbrunner17@gmail.com
Ellsworth,Oliver.Nienow68@hotmail.com
Marisol,Annalise.Lubowitz8@hotmail.com
Stanford,Josie_Armstrong@hotmail.com
Makenzie,Clair_Grady@yahoo.com
Aurore,Leland.Hartmann@hotmail.com
Ambrose,Adriana.Beer@hotmail.com
Susan,Jettie97@hotmail.com
Mathias,Myron_Kuhic83@hotmail.com
Citlalli,Foster0@yahoo.com
Erwin,Mylene.Schaden@hotmail.com
Maxime,Ethelyn_Schinner@gmail.com
Melisa,Riley80@yahoo.com
Destiny,Vincenzo21@yahoo.com
Immanuel,Mario74@gmail.com
Graham,Damion.Rolfson@gmail.com
Hipolito,Nichole_Schaefer97@yahoo.com
Elizabeth,Christian.Botsford@gmail.com
Ramona,Okey.Lueilwitz-Hills78@gmail.com
Dayna,Dayna9@hotmail.com
Alaina,Luisa.Parker@gmail.com
Rory,Laney65@gmail.com
Winifred,Callie78@hotmail.com
Hailee,Ethan_Hamill-Denesik@gmail.com
Joanie,Jolie_West21@gmail.com
Faye,Kamren21@yahoo.com
Maxime,Sylvan93@gmail.com
Madalyn,Madelyn38@yahoo.com
Abigayle,Randi82@gmail.com
Alvena,Kassandra40@gmail.com
Norbert,Linnea_Cartwright@gmail.com
Isaias,Joey_Adams@yahoo.com
Grayce,Magdalen_Weissnat@yahoo.com
Henderson,Don_Walker@hotmail.com
,
,
Marisol,Annalise.Lubowitz8@hotmail.com
,
Stanford,Josie_Armstrong@hotmail.com
Makenzie,Clair_Grady@yahoo.com
Roberta,Rosario_Oberbrunner17@gmail.com
Karlee,Soledad.Hackett52@yahoo.com
Dillon,Noemy_Kris@yahoo.com
Ellsworth,Oliver.Nienow68@hotmail.com
Citlalli,Foster0@yahoo.com
Susan,Jettie97@hotmail.com
Aurore,Leland.Hartmann@hotmail.com
Melisa,Riley80@yahoo.com
Immanuel,Mario74@gmail.com
Mathias,Myron_Kuhic83@hotmail.com
Ambrose,Adriana.Beer@hotmail.com
Erwin,Mylene.Schaden@hotmail.com
Maxime,Ethelyn_Schinner@gmail.com
Destiny,Vincenzo21@yahoo.com
Joanie,Jolie_West21@gmail.com
Graham,Damion.Rolfson@gmail.com
Hipolito,Nichole_Schaefer97@yahoo.com
Elizabeth,Christian.Botsford@gmail.com
Faye,Kamren21@yahoo.com
Dayna,Dayna9@hotmail.com
Hailee,Ethan_Hamill-Denesik@gmail.com
Ramona,Okey.Lueilwitz-Hills78@gmail.com
Madalyn,Madelyn38@yahoo.com
Winifred,Callie78@hotmail.com
Alaina,Luisa.Parker@gmail.com
Abigayle,Randi82@gmail.com
Henderson,Don_Walker@hotmail.com
Maxime,Sylvan93@gmail.com
Alvena,Kassandra40@gmail.com
Norbert,Linnea_Cartwright@gmail.com
Isaias,Joey_Adams@yahoo.com
Rory,Laney65@gmail.com
Grayce,Magdalen_Weissnat@yahoo.com
Gabriella,Horace.Dach82@gmail.com
,
,
Stanford,Josie_Armstrong@hotmail.com
,
Karlee,Soledad.Hackett52@yahoo.com
Marisol,Annalise.Lubowitz8@hotmail.com
Dillon,Noemy_Kris@yahoo.com
Makenzie,Clair_Grady@yahoo.com
Roberta,Rosario_Oberbrunner17@gmail.com
Ellsworth,Oliver.Nienow68@hotmail.com
Citlalli,Foster0@yahoo.com
Ambrose,Adriana.Beer@hotmail.com
Melisa,Riley80@yahoo.com
Immanuel,Mario74@gmail.com
Aurore,Leland.Hartmann@hotmail.com
Destiny,Vincenzo21@yahoo.com
Joanie,Jolie_West21@gmail.com
Maxime,Ethelyn_Schinner@gmail.com
Faye,Kamren21@yahoo.com
Susan,Jettie97@hotmail.com
Erwin,Mylene.Schaden@hotmail.com
Mathias,Myron_Kuhic83@hotmail.com
Hailee,Ethan_Hamill-Denesik@gmail.com
Madalyn,Madelyn38@yahoo.com
Graham,Damion.Rolfson@gmail.com
Elizabeth,Christian.Botsford@gmail.com
Abigayle,Randi82@gmail.com
Maxime,Sylvan93@gmail.com
Hipolito,Nichole_Schaefer97@yahoo.com
Dayna,Dayna9@hotmail.com
Ramona,Okey.Lueilwitz-Hills78@gmail.com
Norbert,Linnea_Cartwright@gmail.com
Alvena,Kassandra40@gmail.com
Rory,Laney65@gmail.com
Winifred,Callie78@hotmail.com
Alaina,Luisa.Parker@gmail.com
Isaias,Joey_Adams@yahoo.com
Gabriella,Horace.Dach82@gmail.com
Grayce,Magdalen_Weissnat@yahoo.com
Henderson,Don_Walker@hotmail.com
Katelyn,Cynthia_Bruen9@gmail.com
,
,
,
Stanford,Josie_Armstrong@hotmail.com
Karlee,Soledad.Hackett52@yahoo.com
Roberta,Rosario_Oberbrunner17@gmail.com
Dillon,Noemy_Kris@yahoo.com
Marisol,Annalise.Lubowitz8@hotmail.com
Makenzie,Clair_Grady@yahoo.com
Susan,Jettie97@hotmail.com
Ellsworth,Oliver.Nienow68@hotmail.com
Citlalli,Foster0@yahoo.com
Aurore,Leland.Hartmann@hotmail.com
Melisa,Riley80@yahoo.com
Immanuel,Mario74@gmail.com
Mathias,Myron_Kuhic83@hotmail.com
Destiny,Vincenzo21@yahoo.com
Ambrose,Adriana.Beer@hotmail.com
Maxime,Ethelyn_Schinner@gmail.com
Joanie,Jolie_West21@gmail.com
Hipolito,Nichole_Schaefer97@yahoo.com
Erwin,Mylene.Schaden@hotmail.com
Faye,Kamren21@yahoo.com
Graham,Damion.Rolfson@gmail.com
Ramona,Okey.Lueilwitz-Hills78@gmail.com
Elizabeth,Christian.Botsford@gmail.com
Dayna,Dayna9@hotmail.com
Rory,Laney65@gmail.com
Maxime,Sylvan93@gmail.com
Winifred,Callie78@hotmail.com
Hailee,Ethan_Hamill-Denesik@gmail.com
Gabriella,Horace.Dach82@gmail.com
Katelyn,Cynthia_Bruen9@gmail.com
Madalyn,Madelyn38@yahoo.com
Henderson,Don_Walker@hotmail.com
Abigayle,Randi82@gmail.com
Norbert,Linnea_Cartwright@gmail.com
Isaias,Joey_Adams@yahoo.com
Grayce,Magdalen_Weissnat@yahoo.com
Alvena,Kassandra40@gmail.com
Myriam,Carlo.Hilll17@hotmail.com
Alaina,Luisa.Parker@gmail.com
,
Stanford,Josie_Armstrong@hotmail.com
Karlee,Soledad.Hackett52@yahoo.com
,
Dillon,Noemy_Kris@yahoo.com
Roberta,Rosario_Oberbrunner17@gmail.com
,
Marisol,Annalise.Lubowitz8@hotmail.com
Makenzie,Clair_Grady@yahoo.com
Ellsworth,Oliver.Nienow68@hotmail.com
Immanuel,Mario74@gmail.com
Aurore,Leland.Hartmann@hotmail.com
Citlalli,Foster0@yahoo.com
Susan,Jettie97@hotmail.com
Ambrose,Adriana.Beer@hotmail.com
Maxime,Ethelyn_Schinner@gmail.com
Erwin,Mylene.Schaden@hotmail.com
Maxime,Sylvan93@gmail.com
Hipolito,Nichole_Schaefer97@yahoo.com
Destiny,Vincenzo21@yahoo.com
Graham,Damion.Rolfson@gmail.com
Mathias,Myron_Kuhic83@hotmail.com
Faye,Kamren21@yahoo.com
Joanie,Jolie_West21@gmail.com
Ramona,Okey.Lueilwitz-Hills78@gmail.com
Hailee,Ethan_Hamill-Denesik@gmail.com
Alaina,Luisa.Parker@gmail.com
Dayna,Dayna9@hotmail.com
Rory,Laney65@gmail.com
Elizabeth,Christian.Botsford@gmail.com
Winifred,Callie78@hotmail.com
Abigayle,Randi82@gmail.com
Madalyn,Madelyn38@yahoo.com
Gabriella,Horace.Dach82@gmail.com
Henderson,Don_Walker@hotmail.com
Melisa,Riley80@yahoo.com
Katelyn,Cynthia_Bruen9@gmail.com
Norbert,Linnea_Cartwright@gmail.com
Isaias,Joey_Adams@yahoo.com
Myriam,Carlo.Hilll17@hotmail.com
Grayce,Magdalen_Weissnat@yahoo.com
Alvena,Kassandra40@gmail.com
Fermin,Wiley_Cummings@gmail.com
,
Dillon,Noemy_Kris@yahoo.com
,
Stanford,Josie_Armstrong@hotmail.com
Marisol,Annalise.Lubowitz8@hotmail.com
Makenzie,Clair_Grady@yahoo.com
Citlalli,Foster0@yahoo.com
,
Karlee,Soledad.Hackett52@yahoo.com
Roberta,Rosario_Oberbrunner17@gmail.com
Susan,Jettie97@hotmail.com
Immanuel,Mario74@gmail.com
Aurore,Leland.Hartmann@hotmail.com
Ellsworth,Oliver.Nienow68@hotmail.com
Melisa,Riley80@yahoo.com
Ambrose,Adriana.Beer@hotmail.com
Destiny,Vincenzo21@yahoo.com
Mathias,Myron_Kuhic83@hotmail.com
Erwin,Mylene.Schaden@hotmail.com
Faye,Kamren21@yahoo.com
Maxime,Ethelyn_Schinner@gmail.com
Hipolito,Nichole_Schaefer97@yahoo.com
Joanie,Jolie_West21@gmail.com
Graham,Damion.Rolfson@gmail.com
Dayna,Dayna9@hotmail.com
Ramona,Okey.Lueilwitz-Hills78@gmail.com
Maxime,Sylvan93@gmail.com
Alvena,Kassandra40@gmail.com
Madalyn,Madelyn38@yahoo.com
Alaina,Luisa.Parker@gmail.com
Abigayle,Randi82@gmail.com
Elizabeth,Christian.Botsford@gmail.com
Winifred,Callie78@hotmail.com
Norbert,Linnea_Cartwright@gmail.com
Gabriella,Horace.Dach82@gmail.com
Hailee,Ethan_Hamill-Denesik@gmail.com
Myriam,Carlo.Hilll17@hotmail.com
Grayce,Magdalen_Weissnat@yahoo.com
Isaias,Joey_Adams@yahoo.com
Henderson,Don_Walker@hotmail.com
Fermin,Wiley_Cummings@gmail.com
Katelyn,Cynthia_Bruen9@gmail.com
Arthur,Eldon.Abernathy-Ankunding47@gmail.com
Rory,Laney65@gmail.com
,
,
Karlee,Soledad.Hackett52@yahoo.com
Roberta,Rosario_Oberbrunner17@gmail.com
,
Dillon,Noemy_Kris@yahoo.com
Marisol,Annalise.Lubowitz8@hotmail.com
Stanford,Josie_Armstrong@hotmail.com
Makenzie,Clair_Grady@yahoo.com
Citlalli,Foster0@yahoo.com
Ellsworth,Oliver.Nienow68@hotmail.com
Susan,Jettie97@hotmail.com
Ambrose,Adriana.Beer@hotmail.com
Aurore,Leland.Hartmann@hotmail.com
Immanuel,Mario74@gmail.com
Mathias,Myron_Kuhic83@hotmail.com
Destiny,Vincenzo21@yahoo.com
Melisa,Riley80@yahoo.com
Erwin,Mylene.Schaden@hotmail.com
Maxime,Ethelyn_Schinner@gmail.com
Graham,Damion.Rolfson@gmail.com
Joanie,Jolie_West21@gmail.com
Dayna,Dayna9@hotmail.com
Faye,Kamren21@yahoo.com
Elizabeth,Christian.Botsford@gmail.com
Hailee,Ethan_Hamill-Denesik@gmail.com
Maxime,Sylvan93@gmail.com
Hipolito,Nichole_Schaefer97@yahoo.com
Ramona,Okey.Lueilwitz-Hills78@gmail.com
Madalyn,Madelyn38@yahoo.com
Winifred,Callie78@hotmail.com
Abigayle,Randi82@gmail.com
Alaina,Luisa.Parker@gmail.com
Rory,Laney65@gmail.com
Henderson,Don_Walker@hotmail.com
Alvena,Kassandra40@gmail.com
Norbert,Linnea_Cartwright@gmail.com
Gabriella,Horace.Dach82@gmail.com
Katelyn,Cynthia_Bruen9@gmail.com
Isaias,Joey_Adams@yahoo.com
Arthur,Eldon.Abernathy-Ankunding47@gmail.com
Grayce,Magdalen_Weissnat@yahoo.com
carlos,ju9hy7g7g@gmail.com
Myriam,Carlo.Hilll17@hotmail.com
Fermin,Wiley_Cummings@gmail.com
